<Project>
  <!-- Properties common to all projects under this directory -->

  <!-- Packaging information -->
  <PropertyGroup>
    <Company>Google LLC</Company>
    <Copyright>Copyright 2019, Google LLC</Copyright>
    <Authors>https://github.com/jradcliff, https://github.com/xflesym</Authors>
    <PackageLicenseUrl>http://www.apache.org/licenses/LICENSE-2.0</PackageLicenseUrl>
    <PackageProjectUrl>https://developers.google.com/shopping-content</PackageProjectUrl>
    <RepositoryUrl>https://github.com/googleads/googleads-shopping-samples</RepositoryUrl>
    <PackageReleaseNotes>https://developers.google.com/shopping-content/v2/rel-notes</PackageReleaseNotes>
    <RepositoryType>git</RepositoryType>
    <PackageRequireLicenseAcceptance>true</PackageRequireLicenseAcceptance>
    <GeneratePackageOnBuild>true</GeneratePackageOnBuild>
    <PackageTags>Google</PackageTags>
  </PropertyGroup>

  <PropertyGroup>
    <Version>8.0.30703</Version>
  </PropertyGroup>
</Project>